{"cameraMode":{"drawMode":0,"name":"Shaded","section":"Shading Mode"},"sceneLighting":true,"audioPlay":false,"sceneViewState":{"showFog":true,"showMaterialUpdate":false,"showSkybox":true,"showFlares":true,"showImageEffects":true,"showParticleSystems":true},"in2DMode":false,"pivot":{"x":-0.447509765625,"y":1.9783935546875,"z":-2.7216796875},"rotation":{"x":0.09848601371049881,"y":-0.11468037217855454,"z":0.011437932029366494,"w":0.9884548187255859},"size":4.840070724487305,"orthographic":true}